Token ID,Token,Logit
596,'s,25.11199378967285
374, is,24.409481048583984
11,",",21.040491104125977
320, (,20.82285499572754
323, and,17.683849334716797
4536, isn,16.77640151977539
706, has,16.428253173828125
279, the,16.39056396484375
17503, falls,16.203689575195312
358, I,15.985353469848633
