Token ID,Token,Logit
6790, December,25.410673141479492
3799, Dec,24.59280776977539
339,th,24.10688018798828
5936, April,18.46319007873535
5587, March,18.184255599975586
14,/,17.928686141967773
5005,Dec,17.621702194213867
11,",",17.552377700805664
315, of,17.299314498901367
1654, dec,17.16768455505371
