Token ID,Token,Logit
220, ,22.397836685180664
6790, December,22.124832153320312
539, not,22.007564544677734
6186, January,18.967174530029297
9987, unknown,18.458662033081055
7742, Tuesday,18.286521911621094
3799, Dec,18.089401245117188
5587, March,18.029098510742188
3604, actually,17.9521484375
5131, currently,17.599090576171875
