Token ID,Token,Logit
4452, However,24.025678634643555
3011, That,22.518178939819336
20817, Based,20.574975967407227
5810, Here,20.393239974975586
6104, While,20.338350296020508
8876, Since,19.943275451660156
1666, As,19.747356414794922
358, I,19.501937866210938
16644, Given,18.508298873901367
3161, With,18.483890533447266
