Token ID,Token,Logit
83787, advancements,26.536531448364258
46045, innovations,21.084028244018555
42445, breakthrough,20.81697654724121
19297, innovation,20.484830856323242
11,",",20.16811752319336
26006, developments,19.790006637573242
50925, advancement,18.549190521240234
31003, advances,18.190860748291016
5208, progress,17.93543243408203
18845, trends,17.414676666259766
