Token ID,Token,Logit
323, and,25.316532135009766
7100, economic,24.425397872924805
3728, global,21.351726531982422
11759, politics,20.209802627563477
12434, environmental,19.933244705200195
37671, economies,19.88716697692871
10182, climate,19.108835220336914
28989, economics,19.020565032958984
8752, economy,18.577985763549805
4947, policy,18.545583724975586
