Token ID,Token,Logit
13,.,30.451303482055664
382,".

",22.233293533325195
11,",",21.893142700195312
430, that,21.007640838623047
320, (,17.828392028808594
46620, shaping,16.933500289916992
1389, –,15.922613143920898
6,',15.775461196899414
28987, affecting,15.434802055358887
1093, like,15.430964469909668
