Token ID,Token,Logit
3917, subject,18.201271057128906
3629, often,16.600914001464844
17436, challenging,16.265363693237305
14117, depends,15.949570655822754
5107, difficult,15.795634269714355
649, can,15.760284423828125
3196, based,15.691695213317871
66836, speculative,15.676824569702148
6485, complex,15.608750343322754
38097, prone,15.521821975708008
