Token ID,Token,Logit
287,ing,31.39165496826172
919,ions,26.808870315551758
535,ive,23.176490783691406
82,s,19.48619842529297
52997, predicting,18.986249923706055
291,ed,18.269149780273438
7922,ifying,18.121318817138672
1105,ors,17.410852432250977
3210,ively,17.158199310302734
290,ion,17.123376846313477
