Token ID,Token,Logit
49188, inherently,21.412019729614258
2744, always,21.157024383544922
17436, challenging,20.44904136657715
2646, never,18.61085319519043
264, a,18.450868606567383
73835, notoriously,18.2059383392334
5107, difficult,17.328126907348633
12266, impossible,17.2305908203125
7701, highly,17.178682327270508
459, an,16.322433471679688
