Token ID,Token,Logit
18845, trends,26.16132354736328
26006, developments,21.49170684814453
30116, technological,17.854345321655273
828, data,17.834716796875
2038, information,17.69630241394043
3495, research,17.465435028076172
83787, advancements,17.260404586791992
51165, forecasts,17.067764282226562
41579, projections,16.879648208618164
12624, scientific,16.865203857421875
