Token ID,Token,Logit
2643, might,24.458721160888672
1436, could,23.977285385131836
1253, may,23.06376075744629
11909, experts,18.692218780517578
617, have,18.12226104736328
527, are,18.088275909423828
1063, some,17.785280227661133
220, ,17.023595809936523
279, the,16.5007266998291
1274, people,16.451040267944336
