Token ID,Token,Logit
1473,":

",30.054044723510742
323, and,23.48948860168457
320, (,23.10814094543457
477, or,22.555957794189453
11,",",22.431974411010742
382,".

",20.952686309814453
25,:,20.717329025268555
512,":
",20.057540893554688
33080,":

",19.1344051361084
25393,":


",18.839418411254883
