Token ID,Token,Logit
389, on,32.51093673706055
21742, solely,20.136451721191406
5304, upon,19.35916519165039
2561, available,17.582843780517578
7367, auf,17.57224464416504
32227, purely,16.35535430908203
1022, off,16.010528564453125
304, in,15.954756736755371
15871, primarily,15.27721118927002
856, my,15.254876136779785
