Token ID,Token,Logit
54644,Predict,22.132389068603516
2181,It,19.212520599365234
8491,Spec,18.100589752197266
3947,There,17.457983016967773
8142,While,17.155122756958008
12834,Since,17.13475227355957
52997, predicting,17.03660011291504
2170,As,16.700761795043945
791,The,16.67775535583496
40,I,16.346281051635742
