Token ID,Token,Logit
1618, here,28.189451217651367
358, I,24.583410263061523
584, we,21.68856430053711
1063, some,20.913982391357422
433, it,19.91423988342285
3892, several,18.977449417114258
1070, there,18.962186813354492
4754, potential,18.423355102539062
5810, Here,18.246112823486328
6881,here,18.23561668395996
