Token ID,Token,Logit
1510, current,23.432743072509766
18845, trends,21.981815338134766
2561, available,21.038864135742188
5370, various,18.81238555908203
3293, recent,18.42121696472168
6484, existing,18.408233642578125
1063, some,18.25724220275879
51165, forecasts,17.5748348236084
279, the,17.300233840942383
6335, expert,17.27410888671875
