Token ID,Token,Logit
279, the,23.394739151000977
7041, exactly,20.271846771240234
1148, what,19.297767639160156
3938, future,19.257877349853516
220, ,17.15770149230957
3230, specific,16.951366424560547
4839, exact,16.350601196289062
264, a,16.0239200592041
20492, predictions,15.756657600402832
37923, futures,15.476715087890625
