Token ID,Token,Logit
527, are,30.29741096496582
596,'s,27.726707458496094
374, is,20.64415168762207
753,’s,19.686922073364258
2643, might,18.84566879272461
2351,'re,18.778488159179688
1436, could,18.348243713378906
1253, may,17.390560150146484
8886, Are,16.96845054626465
1063, some,16.656892776489258
