Token ID,Token,Logit
4754, potential,24.96750831604004
3284, possible,22.827465057373047
24525, possibilities,20.97652244567871
20492, predictions,19.59967613220215
13893, potentially,19.077665328979492
59159, hypothetical,17.74170684814453
66836, speculative,17.582714080810547
315, of,16.94982147216797
50434, plausible,16.912351608276367
19698, predicted,16.75009536743164
