Token ID,Token,Logit
59529, societal,23.227174758911133
7100, economic,21.685033798217773
3728, global,21.35062026977539
3674, social,19.565385818481445
41589, socio,18.629507064819336
12434, environmental,18.629322052001953
3157, market,17.849803924560547
4442, changes,17.747642517089844
4947, policy,17.69969940185547
38462, demographic,17.38388442993164
