Token ID,Token,Logit
323, and,28.628639221191406
11,",",28.618934631347656
4245, due,24.559036254882812
13,.,23.21976089477539
439, as,21.472118377685547
1606, because,21.3408203125
2533, since,20.76447296142578
449, with,20.673892974853516
719, but,19.2525577545166
994, when,19.219987869262695
