Token ID,Token,Logit
2737, including,22.082551956176758
719, but,19.801227569580078
1778, such,18.85284423828125
779, so,17.383419036865234
439, as,16.905664443969727
3339, making,16.519920349121094
323, and,16.158809661865234
18845, trends,16.150114059448242
51165, forecasts,15.525717735290527
902, which,15.109442710876465
