Token ID,Token,Logit
311, to,29.34589385986328
3210,ively,18.759780883789062
1968,ivity,17.330917358398438
287,ing,17.21430015563965
6108,-based,16.515213012695312
43918,-dependent,16.224382400512695
4791,-to,15.72305965423584
344,iv,15.591597557067871
2401,_to,14.920792579650879
535,ive,14.70969295501709
