Token ID,Token,Logit
3728, global,19.508758544921875
96691, unfore,19.054231643676758
7100, economic,18.429189682006836
3823, human,17.723865509033203
16907, unexpected,17.00885009765625
653, un,16.07859992980957
50235, unpredictable,15.958648681640625
4947, policy,15.865289688110352
279, the,15.594501495361328
9434, external,15.443471908569336
