Token ID,Token,Logit
4455, events,24.74796485900879
11759, politics,19.11571502685547
13463, circumstances,18.888872146606445
26006, developments,18.063432693481445
30295, dynamics,17.490320205688477
11774, challenges,17.29161834716797
7100, economic,17.044635772705078
10396, policies,16.84972381591797
4442, changes,16.829832077026367
4787, conditions,16.815134048461914
