Token ID,Token,Logit
18845, trends,23.466480255126953
4442, changes,21.669368743896484
29735, shifts,21.50277328491211
26006, developments,19.475343704223633
11709, choices,19.348175048828125
15740, evolution,17.70659828186035
3966, needs,17.590229034423828
323, and,17.152070999145508
54070, transformations,17.110675811767578
11429, decisions,16.544208526611328
