Token ID,Token,Logit
323, and,31.61463165283203
11,",",29.445919036865234
1473,":

",17.796710968017578
320, (,17.30399513244629
439, as,17.27039909362793
304, in,17.166244506835938
477, or,16.999235153198242
358, I,16.059185028076172
18845, trends,15.881871223449707
828, data,15.827520370483398
