Token ID,Token,Logit
1063, some,30.98196792602539
264, a,27.330812454223633
3892, several,23.23935890197754
4754, potential,22.205780029296875
3284, possible,20.400741577148438
4330, five,19.92698860168457
2478, few,19.89426040649414
220, ,19.181032180786133
20492, predictions,18.642576217651367
2380, three,18.6151180267334
