Token ID,Token,Logit
19,4,33.515174865722656
15,0,27.073808670043945
18,3,24.208711624145508
20,5,23.696149826049805
23,8,21.78415298461914
24,9,21.64310646057129
16,1,21.535869598388672
21,6,21.533906936645508
17,2,21.092931747436523
22,7,20.92630958557129
