Token ID,Token,Logit
11,",",31.218311309814453
323, and,26.14606475830078
13,.,23.317352294921875
304, in,20.12032699584961
430, that,17.131383895874023
320, (,16.755626678466797
5557, technology,16.5024471282959
477, or,16.246767044067383
4245, due,15.963736534118652
382,".

",15.733200073242188
