Token ID,Token,Logit
26006, developments,20.507314682006836
20492, predictions,20.06939697265625
24525, possibilities,19.345197677612305
18845, trends,17.99819564819336
4455, events,17.654621124267578
26350, scenarios,17.169857025146484
25127, implications,16.917444229125977
3938, future,16.679689407348633
4754, potential,16.65839958190918
83787, advancements,16.465349197387695
