Token ID,Token,Logit
220, ,28.026891708374023
279, the,25.253110885620117
2204, different,21.90036392211914
5370, various,21.7860107421875
5199, significant,19.69799041748047
3682, major,17.428373336791992
7185, interesting,17.21965217590332
14827, upcoming,16.968402862548828
1401, key,16.853761672973633
1063, some,16.84345817565918
