Token ID,Token,Logit
6211, shape,24.84136962890625
12446, occur,22.72085189819336
387, be,21.42538833618164
28572, unfold,21.32906723022461
3621, happen,21.04679298400879
1935, take,20.21142578125
10383, influence,17.821147918701172
17210, contribute,17.74346923828125
5536, impact,17.6705379486084
34044, emerge,17.57543182373047
