Token ID,Token,Logit
11,",",31.28778076171875
358, I,21.422529220581055
3196, based,18.52735137939453
1174,",",15.960721015930176
1618, here,15.393119812011719
26,;,15.338603019714355
20817, Based,15.285959243774414
3638,",

",15.1764497756958
1389, –,14.72435474395752
1473,":

",14.617219924926758
