Token ID,Token,Logit
36218, uncertain,23.408220291137695
17436, challenging,21.870332717895508
5107, difficult,20.274066925048828
66836, speculative,19.46152114868164
6485, complex,18.92030906677246
50235, unpredictable,16.86168098449707
12266, impossible,16.70995330810547
44122, subjective,16.014591217041016
34553, tricky,15.861518859863281
3917, subject,15.759197235107422
