Token ID,Token,Logit
1917, world,27.317508697509766
3938, future,24.81446647644043
1060, year,21.68897247314453
3388, course,20.411958694458008
1828, next,19.740192413330078
18921, landscape,19.738855361938477
1667, years,18.976329803466797
220, ,18.32677459716797
6439, lives,18.023664474487305
5108, coming,17.90533447265625
