Token ID,Token,Logit
9547, factors,21.82195281982422
7482, variables,18.964393615722656
58689, interpretations,18.366851806640625
69867, uncertainties,17.824378967285156
24525, possibilities,17.402790069580078
34453, influences,17.09492301940918
39555, perspectives,17.03688621520996
84140, complexities,16.643001556396484
32946, assumptions,15.826974868774414
49316, probabilities,15.821621894836426
