Token ID,Token,Logit
3196, based,24.705989837646484
358, I,24.69692611694336
1618, here,23.74052619934082
13126, considering,20.884078979492188
1063, some,20.3397216796875
2728, given,19.275667190551758
584, we,19.226518630981445
1095, let,19.0795955657959
3892, several,18.976442337036133
439, as,18.26365089416504
