Token ID,Token,Logit
828, data,24.810121536254883
2038, information,23.73793601989746
3495, research,20.610498428344727
51165, forecasts,20.599496841430664
6677, knowledge,19.160400390625
41579, projections,18.519044876098633
20492, predictions,18.11237144470215
12624, scientific,17.788101196289062
26793, insights,17.407581329345703
18057, forecast,17.153305053710938
