Token ID,Token,Logit
5370, various,20.592626571655273
1690, many,20.46354103088379
2349, change,19.235355377197266
12387, numerous,18.900663375854492
264, a,18.867412567138672
5361, multiple,18.20606231689453
5199, significant,16.763452529907227
279, the,16.704591751098633
11249, debate,16.480663299560547
28701, countless,16.188743591308594
