Token ID,Token,Logit
2561, available,18.685680389404297
6335, expert,18.059600830078125
51165, forecasts,17.972002029418945
3495, research,17.06826400756836
26006, developments,16.657915115356445
41579, projections,16.468294143676758
12624, scientific,16.15673828125
4754, potential,16.01530647277832
20492, predictions,15.974637031555176
83787, advancements,15.943881034851074
