Token ID,Token,Logit
11,",",33.589622497558594
323, and,22.982013702392578
13,.,18.838863372802734
29735, shifts,17.975749969482422
4442, changes,17.937610626220703
6541, shift,16.920103073120117
2349, change,16.65275764465332
32931, shifting,16.62468910217285
1174,",",16.416141510009766
46620, shaping,16.409334182739258
