Token ID,Token,Logit
430, that,24.249746322631836
323, and,22.04467010498047
304, in,19.02766227722168
311, to,18.24337387084961
3685, expected,17.1181583404541
19698, predicted,16.753215789794922
5922, worth,16.580799102783203
477, or,16.46829605102539
12765, happening,16.432458877563477
369, for,16.388391494750977
