Token ID,Token,Logit
334,**,22.444765090942383
16,1,19.768896102905273
36,E,16.429113388061523
63507,Technology,16.34601593017578
83166,Environmental,15.293343544006348
14711,###,15.199077606201172
29356,Techn,15.194196701049805
3146, **,15.089727401733398
12755,Short,14.678301811218262
33775,Energy,14.40630054473877
