Token ID,Token,Logit
304, in,25.518999099731445
555, by,22.303546905517578
315, of,21.079538345336914
2212, around,20.281835556030273
439, as,18.420562744140625
584, we,18.11848258972168
220, ,17.895389556884766
927, over,17.338733673095703
369, for,16.361473083496094
18921, landscape,16.338708877563477
