Token ID,Token,Logit
7854,204,33.06757736206055
2366,202,24.785734176635742
9639,203,24.699275970458984
10866,205,23.09421730041504
12652,209,19.449792861938477
8848,210,19.259647369384766
12060,207,19.008777618408203
11056,206,18.80262565612793
12171,208,18.341690063476562
11584,214,18.22494125366211
