Token ID,Token,Logit
11,",",25.59156608581543
709, up,21.644495010375977
3585, points,18.536460876464844
505, from,17.882923126220703
1473,":

",17.64061164855957
320, (,17.036935806274414
439, as,16.421724319458008
8336, sources,16.388105392456055
369, for,15.075645446777344
3156, until,14.920853614807129
