Token ID,Token,Logit
30116, technological,22.58317756652832
12624, scientific,19.708820343017578
3823, human,19.090829849243164
5557, technology,18.191579818725586
83787, advancements,17.606237411499023
59529, societal,17.565258026123047
8198, science,16.99538803100586
31003, advances,16.90947723388672
7100, economic,16.71152114868164
96691, unfore,16.427560806274414
