Token ID,Token,Logit
279, the,25.983118057250977
220, ,22.49090003967285
1057, our,20.531448364257812
5370, various,19.95818519592285
1148, what,19.64124870300293
4455, events,18.82451057434082
8396, society,18.654972076416016
3938, future,18.495805740356445
2324, life,17.646875381469727
3728, global,17.00341796875
