Token ID,Token,Logit
11,",",25.404441833496094
1778, such,24.028953552246094
1093, like,23.80024528503418
13,.,23.650644302368164
323, and,23.066204071044922
430, that,22.545488357543945
2737, including,20.41743278503418
66700, influencing,19.085866928100586
28987, affecting,18.162973403930664
7953, beyond,17.764863967895508
