Token ID,Token,Logit
374, is,23.219602584838867
449, with,21.03183364868164
649, can,19.25434684753418
11,",",17.158937454223633
369, for,16.915189743041992
315, of,15.961116790771484
220, ,15.86719036102295
304, in,15.530137062072754
30357, accurately,15.365323066711426
311, to,14.979806900024414
