Token ID,Token,Logit
3938, future,28.056264877319336
4839, exact,23.997407913208008
4455, events,19.555072784423828
12781, Future,19.28801727294922
9987, unknown,19.11103630065918
3230, specific,19.057100296020508
20124, outcomes,18.79077911376953
49449, specifics,18.51154899597168
364, ',18.213390350341797
15632, outcome,17.921274185180664
