Token ID,Token,Logit
11,",",27.375593185424805
1473,":

",21.483997344970703
320, (,19.16681480407715
358, I,18.967214584350586
304, in,18.95132064819336
1053, would,18.86895179748535
2085, without,18.793241500854492
374, is,18.340925216674805
433, it,18.027456283569336
584, we,17.94728660583496
