Token ID,Token,Logit
11,",",27.331615447998047
339,th,25.31471061706543
13,.,22.432369232177734
320, (,20.0836181640625
220, ,17.8048038482666
128009,<|eot_id|>,17.609272003173828
439, as,17.338546752929688
382,".

",17.28899383544922
374, is,16.52376937866211
304, in,16.504507064819336
