Token ID,Token,Logit
1205, need,27.85660171508789
649, can,26.531198501586914
5042, simply,24.45297622680664
9616, compare,24.016529083251953
3358,'ll,23.716711044311523
1797, count,23.664257049560547
2011, must,23.658817291259766
11294, calculate,23.638883590698242
1288, should,23.631547927856445
33356, subtract,23.618606567382812
