Token ID,Token,Logit
1603, before,29.177162170410156
330," """,24.573619842529297
1306, after,23.44153594970703
6931, earlier,22.27177619934082
8469, ahead,21.13229751586914
364, ',20.44270896911621
304, in,20.3353214263916
4972, prior,20.04489517211914
6646, considered,19.739057540893555
3060, either,19.430330276489258
