Token ID,Token,Logit
2366,202,27.884031295776367
9639,203,18.149799346923828
220, ,16.569608688354492
5162,196,16.147567749023438
7854,204,16.135528564453125
2550,199,16.03696632385254
1187,24,15.836872100830078
679,201,15.524566650390625
6393,194,14.94330883026123
1419,23,14.860798835754395
