Token ID,Token,Logit
220, ,28.224472045898438
323, and,21.69009017944336
779, so,21.64482879638672
902, which,21.58629608154297
304, in,20.241214752197266
719, but,19.573087692260742
4184, according,19.150775909423828
439, as,19.146257400512695
477, or,17.132787704467773
449, with,16.951799392700195
