Token ID,Token,Logit
584, we,25.595958709716797
358, I,24.91695213317871
1095, let,24.298397064208984
499, you,23.306604385375977
33356, subtract,22.122413635253906
5042, simply,20.914072036743164
433, it,20.55675506591797
1797, count,20.51365089416504
2980, consider,19.79811668395996
11294, calculate,19.544721603393555
