Token ID,Token,Logit
2366,202,32.04557800292969
1049,200,22.512130737304688
679,201,22.26936149597168
9639,203,22.1436767578125
10866,205,21.744548797607422
7854,204,21.26753044128418
5926,192,20.105051040649414
3753,198,20.01533317565918
914,25,19.967025756835938
6280,195,19.695457458496094
