Token ID,Token,Logit
374, is,25.073471069335938
320, (,20.209138870239258
4536, isn,19.32010269165039
25,:,18.901063919067383
439, as,18.66533088684082
1053, would,18.40458869934082
11,",",18.397754669189453
304, in,18.199195861816406
649, can,17.37763023376465
2038, information,17.028247833251953
