Token ID,Token,Logit
311, to,28.342742919921875
810, more,25.295181274414062
264, a,23.334392547607422
279, the,22.45887565612793
5217, additional,21.08017921447754
1063, some,20.53410530090332
1403, two,20.442012786865234
1193, only,20.392004013061523
459, an,20.072734832763672
2038, information,19.95745849609375
