Token ID,Token,Logit
1603, before,20.683879852294922
220, ,20.376848220825195
264, a,20.057022094726562
2753, less,19.161865234375
1306, after,18.83687973022461
279, the,18.779382705688477
13118, indeed,18.736032485961914
304, in,18.284931182861328
539, not,18.053651809692383
2736, already,17.812841415405273
