Token ID,Token,Logit
20,5,28.534412384033203
19,4,24.959375381469727
21,6,20.924789428710938
18,3,19.398412704467773
15,0,19.305822372436523
23,8,19.080156326293945
22,7,18.857852935791016
24,9,18.77577781677246
17,2,17.241024017333984
914,25,15.826024055480957
