Token ID,Token,Logit
220, ,28.633642196655273
11,",",19.238462448120117
320, (,17.082427978515625
1193, only,15.913846015930176
13,.,15.520998001098633
510, [,15.424797058105469
1114,17,15.149361610412598
364, ',15.050552368164062
323, and,14.76014232635498
4194, ,14.660314559936523
