Token ID,Token,Logit
2366,202,28.745960235595703
10866,205,21.942745208740234
9639,203,21.615798950195312
7854,204,21.325435638427734
1049,200,20.1213321685791
8848,210,19.660858154296875
4468,197,18.80855369567871
679,201,18.72995376586914
12326,252,18.300071716308594
6280,195,18.18094253540039
