Token ID,Token,Logit
128009,<|eot_id|>,26.73236656188965
15636, Therefore,22.61984634399414
4815," 

",21.975494384765625
578, The,21.70903968811035
8876, Since,21.662012100219727
2100, So,21.586732864379883
1442, If,21.542444229125977
2057, To,20.85993003845215
220, ,20.724136352539062
358, I,20.47486114501953
