Token ID,Token,Logit
477, or,28.428237915039062
11,",",26.828256607055664
220, ,24.731834411621094
279, the,19.313886642456055
320, (,19.02047348022461
6790, December,18.976892471313477
6186, January,18.889568328857422
264, a,18.637622833251953
323, and,17.811344146728516
10280, Christmas,17.454544067382812
