Token ID,Token,Logit
1306, after,31.357614517211914
3010, later,21.491090774536133
389, on,19.331899642944336
1603, before,19.322633743286133
3347, past,18.986675262451172
304, in,18.905803680419922
220, ,18.78788948059082
27905, afterwards,18.75068473815918
422, if,18.740394592285156
374, is,18.69362449645996
