Token ID,Token,Logit
382,".

",22.814485549926758
13,.,22.09199333190918
323, and,20.749977111816406
505, from,19.925048828125
1473,":

",19.657119750976562
304, in,19.45513153076172
482, -,19.291370391845703
8844, relative,19.225801467895508
596,'s,18.66754150390625
11,",",18.101802825927734
