Token ID,Token,Logit
220, ,19.709716796875
304, in,16.75950813293457
430, that,16.720264434814453
315, of,16.707263946533203
1306, after,16.664892196655273
382,".

",16.43425750732422
13,.,16.342164993286133
505, from,15.86273193359375
6811, difference,15.701592445373535
323, and,15.404194831848145
