Token ID,Token,Logit
2366,202,27.877763748168945
9639,203,20.59019660949707
7854,204,20.559165954589844
10866,205,20.069660186767578
1049,200,19.27987289428711
679,201,19.115373611450195
16,1,18.773595809936523
8848,210,17.992616653442383
914,25,17.74334144592285
5926,192,17.553844451904297
