Token ID,Token,Logit
15724,Today,23.047914505004883
12834,Since,22.523372650146484
2366,202,21.742021560668945
40,I,21.702043533325195
1271,To,21.552261352539062
1,"""",21.15243911743164
2170,As,20.544132232666016
791,The,20.38924217224121
2181,It,19.719213485717773
31140,Unfortunately,19.168127059936523
