Token ID,Token,Logit
220, ,26.809024810791016
264, a,22.988019943237305
279, the,22.433637619018555
11,",",20.885122299194336
2500, another,18.91575050354004
6790, December,18.688720703125
33433, midnight,18.102216720581055
1060, year,17.784696578979492
6186, January,17.738500595092773
420, this,17.675853729248047
