Token ID,Token,Logit
18,3,30.891767501831055
19,4,26.985776901245117
17,2,21.856618881225586
16,1,19.399240493774414
20,5,17.92129135131836
15,0,17.802837371826172
1958,34,17.452957153320312
1644,33,17.243186950683594
2148,31,16.762760162353516
22,7,14.792140007019043
