Token ID,Token,Logit
3508, whether,27.177967071533203
422, if,26.666765213012695
902, which,24.600982666015625
279, the,24.56149673461914
1148, what,22.990068435668945
994, when,22.87525749206543
330," """,22.054903030395508
1405, where,21.1343994140625
1268, how,20.97199821472168
1202, its,20.64103889465332
