Token ID,Token,Logit
1114,17,26.932109832763672
845,16,23.897769927978516
2366,202,23.261438369750977
972,18,22.934688568115234
868,15,22.47015953063965
777,19,22.145475387573242
16,1,21.955413818359375
975,14,21.728302001953125
717,12,21.244850158691406
1313,22,21.011547088623047
