Token ID,Token,Logit
374, is,26.78204917907715
596,'s,22.969627380371094
17503, falls,22.363168716430664
320, (,20.95237159729004
477, or,20.70439338684082
4131, comes,19.951892852783203
1053, would,19.3909969329834
16599, preced,19.03036117553711
574, was,18.863967895507812
13980, occurs,18.569984436035156
