Token ID,Token,Logit
20,5,27.05510139465332
19,4,24.647768020629883
21,6,23.52595329284668
22,7,20.6865234375
18,3,20.352447509765625
23,8,19.3238525390625
24,9,19.016386032104492
15,0,18.159000396728516
914,25,16.686670303344727
17,2,16.66799545288086
