Token ID,Token,Logit
8417, determine,27.530160903930664
1505, find,26.25756072998047
4320, answer,24.901758193969727
11294, calculate,23.66895866394043
7216, figure,23.392030715942383
1817, check,22.99649429321289
387, be,21.511722564697266
1440, know,21.483713150024414
3371, tell,21.18749237060547
1518, see,20.673961639404297
