Token ID,Token,Logit
6790, December,22.032846450805664
220, ,21.81889533996582
539, not,21.56085968017578
6186, January,19.37236976623535
5587, March,18.949825286865234
9987, unknown,18.394390106201172
8079, Wednesday,18.236345291137695
7742, Tuesday,18.016223907470703
6841, November,17.977922439575195
5131, currently,17.914403915405273
