Token ID,Token,Logit
18,3,27.5765438079834
20,5,27.09113121032715
19,4,25.969432830810547
15,0,21.80326271057129
17,2,20.753252029418945
16,1,19.458829879760742
22,7,18.605430603027344
21,6,18.152936935424805
23,8,17.601261138916016
914,25,16.74173927307129
