Token ID,Token,Logit
13,.,25.694393157958984
382,".

",25.21551513671875
11,",",24.661928176879883
320, (,22.405620574951172
1606, because,22.019155502319336
555, by,21.530872344970703
2533, since,20.985734939575195
627,".
",20.889009475708008
128009,<|eot_id|>,20.110084533691406
26,;,19.765644073486328
