Token ID,Token,Logit
3432, today,26.2965145111084
433, it,25.067249298095703
330," """,24.514986038208008
220, ,24.156147003173828
279, the,24.05824851989746
264, a,23.37870216369629
364, ',22.134384155273438
420, this,21.908878326416016
701, your,21.385818481445312
16986, tomorrow,21.05512046813965
