Token ID,Token,Logit
20,5,30.328001022338867
19,4,23.853553771972656
18,3,22.63789176940918
21,6,19.580154418945312
24,9,19.342191696166992
15,0,18.686569213867188
17,2,18.11725425720215
23,8,18.100936889648438
22,7,17.901695251464844
16,1,16.368677139282227
