Token ID,Token,Logit
2057, To,20.612321853637695
1442, If,20.53564453125
220, ,20.43178939819336
8876, Since,19.801536560058594
1666, As,19.732763290405273
15636, Therefore,19.69732093811035
31470, Adding,19.335708618164062
10771, According,19.322351455688477
20817, Based,19.271278381347656
578, The,19.229618072509766
