Token ID,Token,Logit
279, the,24.122180938720703
220, ,22.018970489501953
1268, how,21.59781837463379
902, which,20.62030601501465
994, when,20.079580307006836
264, a,19.938623428344727
3508, whether,19.591358184814453
1202, its,19.363039016723633
422, if,19.344520568847656
4726, further,19.276628494262695
