Token ID,Token,Logit
2366,202,24.71051788330078
12834,Since,23.40818214416504
2746,If,22.431278228759766
791,The,21.466472625732422
644,In,20.05501937866211
2170,As,19.7735538482666
1687,We,19.7674560546875
33246,December,19.761310577392578
1271,To,19.508800506591797
10267,Let,19.306081771850586
