Token ID,Token,Logit
2457, date,27.365619659423828
279, the,21.6422176361084
1938, day,20.962242126464844
1510, current,19.92043685913086
892, time,19.690021514892578
1060, year,18.92605209350586
2038, information,18.389490127563477
13470, calendar,18.374601364135742
4839, exact,18.266542434692383
2696, Date,18.2071475982666
