Token ID,Token,Logit
220, ,26.84541130065918
279, the,21.718969345092773
11,",",20.776994705200195
320, (,19.52587890625
477, or,19.23470115661621
323, and,19.220115661621094
1060, year,18.03623390197754
6790, December,17.774362564086914
6186, January,17.536758422851562
13,.,17.410198211669922
