Token ID,Token,Logit
11294, calculate,24.991121292114258
1440, know,24.878965377807617
1427, look,23.998991012573242
2980, consider,23.845510482788086
1797, count,23.475048065185547
9616, compare,22.79261589050293
1817, check,22.66448211669922
1518, see,22.6466007232666
923, add,22.528352737426758
33356, subtract,22.11446189880371
