Token ID,Token,Logit
1060, year,22.276460647583008
6811, difference,21.783777236938477
1396, number,20.610361099243164
1667, years,20.203250885009766
2457, date,20.062225341796875
892, time,19.41496467590332
1938, day,19.190113067626953
3938, future,18.99038314819336
1828, next,18.610864639282227
842, end,18.519662857055664
