Token ID,Token,Logit
374, is,21.55610466003418
489, +,19.90831184387207
10548, ends,18.957508087158203
482, -,18.457571029663086
706, has,18.195476531982422
574, was,18.075742721557617
320, (,18.054176330566406
9670, ended,18.02119255065918
4131, comes,17.78189468383789
1053, would,17.647066116333008
