Token ID,Token,Logit
13,.,26.902877807617188
11,",",24.625429153442383
382,".

",22.26471710205078
320, (,21.608753204345703
128009,<|eot_id|>,20.375558853149414
323, and,19.08081817626953
26,;,18.619049072265625
482, -,17.551231384277344
271,"

",17.363683700561523
374, is,16.833126068115234
