Token ID,Token,Logit
845,16,25.958332061767578
2366,202,21.26001739501953
1721,01,19.63913345336914
717,12,19.368698120117188
1114,17,19.244504928588867
1187,24,19.239765167236328
975,14,19.061616897583008
972,18,18.86789321899414
868,15,18.575502395629883
1419,23,18.27930450439453
