Token ID,Token,Logit
220, ,27.801105499267578
11,",",25.170684814453125
13,.,23.933128356933594
320, (,22.44655990600586
323, and,19.825258255004883
304, in,19.255094528198242
439, as,19.209707260131836
374, is,17.599781036376953
26,;,17.35456085205078
719, but,17.142194747924805
