Token ID,Token,Logit
374, is,25.170909881591797
320, (,19.747629165649414
4536, isn,19.38128662109375
1053, would,17.658287048339844
11,",",17.573692321777344
25,:,17.177175521850586
4250, cannot,17.07451820373535
2038, information,16.766359329223633
304, in,16.757797241210938
649, can,16.54575538635254
