Token ID,Token,Logit
2366,202,28.68505096435547
845,16,19.791152954101562
9639,203,17.14360237121582
2550,199,17.131389617919922
220, ,17.10515594482422
1187,24,17.033504486083984
975,14,16.686128616333008
7854,204,16.53555679321289
320, (,16.158708572387695
679,201,16.116214752197266
