Token ID,Token,Logit
2457, date,27.857892990112305
279, the,21.598896026611328
1938, day,21.01521110534668
1510, current,19.784067153930664
2696, Date,19.313291549682617
4839, exact,18.887393951416016
2038, information,18.349267959594727
1060, year,17.965232849121094
13470, calendar,17.936695098876953
3432, today,17.80035400390625
