Token ID,Token,Logit
15724,Today,25.126394271850586
40,I,24.477588653564453
12834,Since,24.091266632080078
2366,202,23.345478057861328
2170,As,22.58635139465332
31140,Unfortunately,20.98951530456543
2181,It,20.89870262145996
1271,To,20.784311294555664
2028,This,20.638460159301758
791,The,20.440343856811523
