Token ID,Token,Logit
18,3,30.407869338989258
19,4,28.830810546875
17,2,19.769397735595703
20,5,18.28559684753418
16,1,18.2352294921875
1958,34,17.942344665527344
1644,33,17.0835018157959
15,0,16.86043930053711
2148,31,16.466318130493164
3391,43,14.985522270202637
