Token ID,Token,Logit
1520, help,22.389812
2231, put,19.19441
6435, slow,19.189196
387, be,18.59255
3009, stop,18.567001
56807, extingu,18.377148
8108, reduce,18.302347
5353, cause,17.969213
1304, make,17.924267
6288, quickly,16.766802
