Token ID,Token,Logit
433, it,28.634186
477, or,25.533274
279, the,25.310686
1063, some,20.878305
39885, flames,20.341682
1202, its,19.575464
2678, small,19.16148
1455, most,18.745071
9333, smaller,18.379715
59333, combustion,18.294754
