Token ID,Token,Logit
5019, pour,29.680561
2231, put,20.746878
33484, accidentally,20.02291
6651, mix,19.594196
27058, Pour,19.435047
923, add,18.49371
2571, throw,18.184698
1456, try,18.03003
43278,Pour,18.018911
3881, apply,17.954369
