Token ID,Token,Logit
1473,":

",23.09658
11911, depending,22.914955
11,",",22.912708
13,.,22.211098
304, in,20.78824
4245, due,19.971212
3196, based,18.395332
430, that,18.178047
311, to,17.643175
439, as,17.641191
