Token ID,Token,Logit
374, is,19.36412
649, can,18.290194
690, will,18.286531
11384, causes,16.568235
12164, radi,15.572373
26338, reduces,15.568879
12992, increases,15.231762
31711, transfers,15.144423
1253, may,15.0688715
99191, melts,14.9886465
