Token ID,Token,Logit
649, can,16.195091
19019, rapidly,15.994756
706, has,15.967829
374, is,15.771717
1080, co,15.002664
8779, helps,14.977719
56807, extingu,14.93055
26338, reduces,14.746918
73115, lowers,14.455853
690, will,14.297429
