Token ID,Token,Logit
57850,Cool,16.56243
35,D,16.361982
17111,Fire,16.18437
29353,Water,15.770221
10254,Sup,15.664601
6475,Initial,15.501277
849,Ex,15.37224
791,The,14.78245
50,S,14.719675
31916,Hy,14.327316
