Token ID,Token,Logit
389, on,28.27277
8800, onto,23.675327
6089, directly,22.818655
320, (,20.632214
1139, into,20.235031
927, over,20.094378
477, or,18.929285
3221, near,18.60797
311, to,17.735813
1523, down,17.048267
