Token ID,Token,Logit
14718, causing,22.273018
28015, cooling,20.278646
323, and,20.09815
902, which,19.02625
18189, reducing,18.316496
6968, creating,17.4115
10923, allowing,17.198872
719, but,17.038733
28965, releasing,17.008047
70275, absorbing,16.955933
