Token ID,Token,Logit
4027, fire,23.655361
39885, flames,21.922146
14932, surrounding,21.693346
35678, flame,21.019583
10633, fuel,20.83724
20252, burning,19.650743
1344, fl,19.013943
4106, hot,18.614809
8798, heat,17.959007
7479, surface,17.931293
