Token ID,Token,Logit
433, it,26.60403
279, the,25.54552
1202, its,22.812357
264, a,21.97947
1124, them,18.803005
11295, rapid,17.715921
28015, cooling,17.690699
1063, some,17.631428
8798, heat,17.513735
3090, water,17.333078
