Token ID,Token,Logit
4827, lower,19.856394
1520, help,19.66039
19019, rapidly,18.657873
56807, extingu,18.489208
7155, cool,18.216248
2231, put,17.901733
6288, quickly,17.796356
6435, slow,17.657682
3604, actually,17.000906
12207, significantly,16.898405
