Token ID,Token,Logit
279, the,29.018372
1202, its,19.359632
20472, temperatures,18.142534
264, a,17.681324
477, or,16.490328
2225, both,15.96413
701, your,15.704851
8798, heat,14.621596
323, and,14.456915
5196, itself,14.377013
