Token ID,Token,Logit
315, of,26.009724
2212, around,20.004292
323, and,19.506767
19019, rapidly,18.195564
520, at,18.189825
11,",",17.569475
6288, quickly,17.557558
3485, above,17.501236
477, or,17.36128
311, to,17.236557
