Token ID,Token,Logit
96618,**:,28.137112
68063,:**,26.29364
389, on,22.39719
25,:,20.437864
320, (,20.220804
334,**,19.060286
315, of,18.227253
323, and,17.809477
505, from,17.322414
1232,':,16.706669
