Token ID,Token,Logit
279, the,26.954617
264, a,21.28051
14373, nearby,20.044712
14932, surrounding,19.97538
2225, both,19.856777
4106, hot,18.49485
459, an,18.33438
39885, flames,18.235424
2678, small,17.279928
701, your,17.036411
