Token ID,Token,Logit
3146, **,20.1502
220, ,19.012571
578, The,16.976355
256,  ,16.554817
1102, It,14.485066
6785, Fire,14.411663
10164, Water,14.359018
83405, Cooling,14.354691
4220, Initial,14.25133
73297, Flames,14.210174
