Token ID,Token,Logit
4027, fire,27.068993
39885, flames,24.713165
35678, flame,23.004498
20252, burning,20.509722
10633, fuel,19.627306
59333, combustion,18.790592
4106, hot,17.691418
1344, fl,17.603306
7160, sun,17.559935
24463, oxygen,17.13156
