Token ID,Token,Logit
264, a,27.965803
4027, fire,22.857908
459, an,22.6506
39885, flames,18.365019
279, the,17.760876
27176, fires,16.942165
20252, burning,16.66174
1825, open,16.212412
10633, fuel,16.058577
311, to,15.975332
