Token ID,Token,Logit
287,ing,25.601643
519,ant,18.711443
279, the,18.298405
261,er,18.030848
2136,ness,17.381132
1523, down,17.296885
2515, effect,17.067757
1821,ants,16.49545
323, and,16.122337
2996,down,15.990841
