Token ID,Token,Logit
13,.,26.113794
382,".

",16.122063
19362,\\.,15.039959
3146, **,14.151999
12898,.-,13.28157
25,:,13.277467
1210,".""",13.076697
220, ,12.916389
6266,.),12.849594
15254,.`,12.8286495
