Token ID,Token,Logit
505, from,19.060156
4907, energy,16.56558
315, of,15.951095
8481, transfer,15.155056
374, is,15.079407
8066, generated,15.057727
323, and,14.875863
12164, radi,14.307722
9124, produced,14.218655
6004, released,14.217341
