Token ID,Token,Logit
11,",",24.497019
323, and,19.418207
1555, through,19.140884
7118, dro,17.600834
35715, molecules,16.834507
4245, due,16.815535
28015, cooling,16.674696
304, in,16.608847
439, as,16.489815
7479, surface,15.76777
