Token ID,Token,Logit
311, to,25.997118
1139, into,22.155464
505, from,21.645601
3201, away,20.803453
1555, through,19.91832
92370, downwards,19.130993
45578, downward,18.892185
6089, directly,18.86994
1523, down,18.76035
8800, onto,18.656567
