Token ID,Token,Logit
649, can,27.457617
3621, happen,25.667585
12446, occur,23.28708
690, will,23.046522
1253, may,22.66355
527, are,22.113298
2643, might,22.056671
11383, typically,21.253487
8541, tend,20.437246
2349, change,20.38135
