Token ID,Token,Logit
4599,When,24.417015
43278,Pour,21.28373
2746,If,19.846012
47,P,19.433485
32,A,18.773657
8586,Here,18.521822
40,I,17.966873
29353,Water,17.798899
2181,It,17.05194
791,The,16.888638
