Token ID,Token,Logit
3892, several,26.169762
433, it,24.864517
264, a,24.08556
279, the,23.551914
1070, there,22.294888
1403, two,22.107525
499, you,21.358894
1618, here,21.132538
2380, three,20.616495
1063, some,20.051453
