Token ID,Token,Logit
23217, transferred,16.97885
14091, diss,16.572182
19019, rapidly,16.457432
42101, absorbed,15.746961
11293, reduced,15.556706
5675, lost,15.273189
6004, released,14.861795
13375, conducted,14.764782
6288, quickly,14.534679
77810, dispersed,14.32719
