Token ID,Token,Logit
13,.,24.789112
477, or,24.105373
555, by,22.508316
11,",",21.631222
28191, temporarily,21.6233
422, if,20.957724
627,".
",20.679724
6724, completely,20.522264
26310, partially,20.182196
304, in,20.103327
