Token ID,Token,Logit
11,",",26.688438
1473,":

",22.014244
304, in,18.401846
320, (,18.27493
512,":
",17.719587
433, it,17.315304
477, or,16.699266
25,:,15.809554
2085, without,15.525018
520, at,15.369667
