Token ID,Token,Logit
902, which,19.782433
14718, causing,19.507133
10695, helping,19.377127
18189, reducing,19.362684
3339, making,19.14696
48408, slowing,17.971127
10917, putting,17.896027
7231, giving,17.367437
28592, thereby,17.326326
23351, stopping,17.270393
