Token ID,Token,Logit
279, the,29.208443
264, a,22.150553
39885, flames,20.559855
4027, fire,20.090307
20252, burning,19.426495
59333, combustion,19.205463
8798, heat,18.855618
3090, water,18.827332
701, your,18.623463
4106, hot,18.459993
