Token ID,Token,Logit
9499, temperature,23.59004
7479, surface,19.204187
35678, flame,18.636063
8798, heat,17.630642
5419, internal,17.512417
4027, fire,16.571524
14932, surrounding,16.34516
39885, flames,16.252995
10633, fuel,15.865446
50937, boiling,15.382623
