Token ID,Token,Logit
56807, extingu,18.608528
6435, slow,18.44741
8108, reduce,17.911251
2231, put,17.824726
512,":
",17.502039
3009, stop,17.484032
1554, sm,17.108631
7155, cool,16.782625
6917, star,16.5945
1473,":

",15.832438
