Token ID,Token,Logit
16,1,25.570232
334,**,23.998232
9,*,18.856657
91084,Initially,18.76163
36590,Positive,18.6612
14711,###,18.415094
53834,Immediate,18.285532
6475,Initial,17.94201
12,-,17.69811
4599,When,17.23914
