Token ID,Token,Logit
279, the,28.99901
3090, water,20.542616
264, a,20.191187
9439, cold,18.949398
14932, surrounding,18.760239
36921, cooler,18.477928
14373, nearby,18.369547
14812, liquid,18.26471
76214, colder,17.505047
7155, cool,17.15659
