Token ID,Token,Logit
10164, Water,23.761873
578, The,22.716715
27058, Pour,19.149755
1666, As,18.617714
31470, Adding,17.522028
3277, When,17.359646
6785, Fire,17.25504
3861, One,17.054716
24062, Cold,16.510702
8166, Hot,16.206863
