Token ID,Token,Logit
8798, heat,19.9212
3090, water,17.541328
3721, ev,17.447166
28015, cooling,16.812836
4478, rate,16.26453
1579, high,16.011528
11295, rapid,15.72989
9439, cold,15.518039
9499, temperature,14.864504
14812, liquid,14.798173
