Token ID,Token,Logit
499, you,28.460735
3090, water,25.603132
51513, pouring,21.509422
264, a,20.490704
433, it,20.41572
44033, poured,19.681366
459, an,18.891378
14812, liquid,18.54054
4423, someone,18.507092
2555, something,18.144556
