Token ID,Token,Logit
311, to,20.99745
56807, extingu,18.946304
2231, put,18.7594
433, it,17.535612
8108, reduce,17.141478
304, in,17.029587
6435, slow,16.998072
3009, stop,16.421305
5471, prevent,16.148054
6782, contain,15.946149
