Token ID,Token,Logit
578, The,22.448185
1115, This,20.77101
1666, As,20.769354
4452, However,19.855831
10164, Water,19.64095
8876, Since,19.364113
3277, When,19.02029
1442, If,18.985579
763, In,17.606699
27162, Heat,17.417084
