Token ID,Token,Logit
3090, water,29.03502
477, or,21.04171
320, (,20.844067
14812, liquid,20.620024
4106, hot,20.17664
264, a,20.12956
9439, cold,19.852907
5707, oil,19.343878
8369, warm,18.099323
50937, boiling,17.579803
