Token ID,Token,Logit
2574, things,23.417404
25481, reactions,21.342209
11618, processes,20.285357
7106, physical,19.850758
4455, events,19.716259
6372, effects,19.44016
11742, chemical,18.927526
6485, complex,18.315443
16296, consequences,18.06315
9547, factors,17.7284
