Token ID,Token,Logit
3090, water,25.272821
14932, surrounding,23.201614
36921, cooler,21.57927
14812, liquid,20.618357
7155, cool,20.221788
9439, cold,20.185936
7479, surface,19.46478
28015, cooling,18.993748
40190, surroundings,18.401218
3805, air,18.353691
