Token ID,Token,Logit
649, can,24.309252
8779, helps,22.462357
1253, may,21.97762
304, in,21.513052
374, is,21.1854
70270, slows,20.057802
26338, reduces,19.622995
3727, makes,19.18196
2643, might,18.7179
690, will,18.44597
