Token ID,Token,Logit
2515, effect,22.27948
96618,**:,19.684383
279, the,19.446545
315, of,19.390154
1523, down,19.1433
13756, Effect,18.953209
323, and,18.947271
68063,:**,17.91329
6419, Down,16.999105
6372, effects,16.599197
