Token ID,Token,Logit
11,",",19.398542
555, by,18.05594
323, and,17.29227
311, to,17.276804
12207, significantly,16.855312
19019, rapidly,16.757345
6288, quickly,16.706528
13,.,15.58648
10284, slightly,15.279209
477, or,14.955436
