Token ID,Token,Logit
819,ish,31.502323
11218,ishing,21.016302
275,it,20.55325
3384,ished,20.49966
21168,ishes,19.174114
39672,isher,18.945631
65923,ishly,18.85327
16849,ISH,18.681568
16409,ishment,18.484095
36040,isha,18.296276
