Token ID,Token,Logit
4027, fire,25.806751
2678, small,18.05424
35678, flame,18.01541
20252, burning,16.795033
38899, candle,15.803717
63471, grease,15.54049
13318, lit,15.355659
1344, fl,15.289618
93225, wildfire,15.046302
27176, fires,14.693484
