Token ID,Token,Logit
3621, happen,28.132475
12446, occur,24.332815
13893, potentially,21.709293
323, and,21.644615
2349, change,19.980343
387, be,19.605415
12765, happening,18.400606
8741, happens,18.002642
5353, cause,17.745918
320, (,17.699251
