Token ID,Token,Logit
459, an,20.015625
264, a,18.359375
539, not,18.265625
6380, happy,16.671875
12153, unable,15.9140625
1120, just,15.78125
14931, sorry,15.25
5115, quite,13.9453125
16984, afraid,13.6484375
4661, almost,13.2265625
