Token ID,Token,Logit
40,I,24.234375
12834,Since,23.203125
2366,202,22.859375
15724,Today,22.609375
2170,As,21.640625
791,The,20.921875
1687,We,20.46875
31140,Unfortunately,20.46875
1271,To,20.265625
33246,December,19.65625
