Token ID,Token,Logit
617, have,25.453125
1440, know,22.578125
1518, see,18.546875
1397, require,18.359375
1205, need,18.328125
1781, think,17.640625
3604, actually,17.28125
2216, really,17.0625
1390, want,16.859375
2567, keep,16.703125
