Token ID,Token,Logit
358, I,21.734375
323, and,19.84375
779, so,19.015625
719, but,16.421875
602, i,14.1875
539, not,13.171875
856, my,12.9453125
477, or,11.65625
40,I,11.1640625
912, no,10.5859375
