Token ID,Token,Logit
956,'t,28.578125
1431,’t,15.9921875
54847,;t,14.3359375
539, not,13.8359375
798,key,13.421875
259, t,13.3359375
6,',13.1640625
17773,'T,13.0078125
10379,\\',12.125
59858,'y,12.078125
