Token ID,Token,Logit
15592, AI,17.875
6273, equal,15.4765625
18328, assistant,15.28125
21075, artificial,14.921875
7945, assist,13.34375
22103, Assistant,12.8515625
1646, model,11.8203125
22712, associate,11.71875
1825, open,11.6484375
28598, automated,11.578125
