Token ID,Token,Logit
2846,'m,19.875
1097, am,18.53125
649, can,16.578125
1541, don,15.9140625
4265,'d,15.359375
4250, cannot,15.1953125
1781, think,14.8203125
3358,'ll,14.34375
7846, couldn,14.0859375
1053, would,13.9375
