Token ID,Token,Logit
11,",",19.71875
18328, assistant,14.8828125
13,.,13.734375
1646, model,12.28125
323, and,12.1640625
6319, designed,11.515625
719, but,10.59375
6865, hear,9.84375
449, with,9.6953125
358, I,9.6328125
