Token ID,Token,Logit
1972, real,22.328125
279, the,21.53125
264, a,21.09375
904, any,20.015625
6677, knowledge,19.8125
617, have,19.6875
2680, access,19.359375
4443, personal,19.265625
2038, information,18.8125
2167, direct,17.25
