Token ID,Token,Logit
128009,<|eot_id|>,28.2081
1102, It,21.754091
12366, Paris,20.360453
4452, However,19.12378
2209, Is,19.063942
4815," 

",19.041758
45863, Specifically,17.927935
32499, Prior,17.519562
19418, Would,17.361229
42867, Located,17.150198
