Token ID,Token,Logit
315, of,30.822065
3363, city,24.509136
323, and,22.11081
320, (,17.890688
374, is,16.802044
297, o,15.920465
11,",",15.848452
477, or,15.835782
9919, cities,15.470263
4033, official,15.349553
