Token ID,Token,Logit
9822, France,30.637438
50100,France,19.51849
279, the,18.876234
15704, Italy,18.137798
48687, france,17.654581
9893, Franc,17.539574
12366, Paris,17.51691
220, ,17.282692
34061, Belgium,17.253017
30221, Switzerland,17.098013
