Token ID,Token,Logit
6864, capital,29.881813
1510, current,20.664944
4033, official,19.860605
3224, country,18.643202
4495, correct,18.634909
18880, Capital,18.581757
23541, administrative,18.221266
3363, city,17.571583
8753, French,17.02074
4320, answer,16.864813
