Token ID,Token,Logit
791,The,25.673689
60704,Paris,21.269213
50100,France,17.62385
49,R,17.554003
33,B,16.887098
95509,Berlin,16.307896
35515,Mont,16.052757
8921,La,16.027683
32,A,15.821837
40672,London,15.809817
