Token ID,Token,Logit
12366, Paris,23.960527
60704,Paris,15.472364
3604, actually,14.978297
20437, Berlin,14.978201
9822, France,14.04913
41958, paris,13.988195
220, ,13.9636135
25187, Vers,13.838923
1101, also,13.399276
13118, indeed,13.340443
