Token ID,Token,Logit
13,.,27.824503
128009,<|eot_id|>,23.184547
320, (,21.7167
11,",",20.7134
382,".

",19.765795
26,;,16.516487
374, is,15.450826
0,!,15.425709
323, and,15.185103
627,".
",15.119081
