Token ID,Token,Logit
374, is,29.980988
11,",",19.928452
320, (,19.895992
220, ,19.155758
323, and,16.641552
13,.,15.193379
128009,<|eot_id|>,14.919002
304, in,14.845283
574, was,14.767234
14117, depends,14.630139
